overlap_analyzed,scientific_name,TP,FP,FN,precision,sensitivity,f1_score,accuracy,total_detections,total_manual,false_positive_rate,false_negative_rate
0,accipiter gentilis,1,20,0,0.047619047619047616,1,0.0909090909090909,0.047619047619047616,21,1,0.9523809523809523,0
0,acrocephalus arundinaceus,73,324,122,0.18387909319899245,0.37435897435897436,0.24662162162162166,0.14065510597302505,397,195,0.8161209068010076,0.6256410256410256
0,acrocephalus palustris,4,36,9,0.1,0.3076923076923077,0.15094339622641512,0.08163265306122448,40,13,0.9,0.6923076923076923
0,acrocephalus schoenobaenus,113,1506,17,0.06979617047560223,0.8692307692307693,0.1292166952544311,0.06907090464547677,1619,130,0.9302038295243977,0.13076923076923078
0,acrocephalus scirpaceus,243,971,40,0.200164744645799,0.8586572438162544,0.32464929859719444,0.1937799043062201,1214,283,0.799835255354201,0.1413427561837456
0,aegithalos caudatus,4,16,14,0.2,0.2222222222222222,0.2105263157894737,0.11764705882352941,20,18,0.8,0.7777777777777778
0,alauda arvensis,13,298,4,0.04180064308681672,0.7647058823529411,0.07926829268292683,0.04126984126984127,311,17,0.9581993569131833,0.23529411764705882
0,anas platyrhynchos,88,291,25,0.23218997361477572,0.7787610619469026,0.35772357723577236,0.21782178217821782,379,113,0.7678100263852242,0.22123893805309736
0,anser serrirostris,3,1,0,0.75,1,0.8571428571428571,0.75,4,3,0.25,0
0,anthus trivialis,0,135,1,0,0,NA,0,135,1,1,1
0,ardea cinerea,1,37,6,0.02631578947368421,0.14285714285714285,0.044444444444444446,0.022727272727272728,38,7,0.9736842105263158,0.8571428571428571
0,botaurus stellaris,4,146,0,0.02666666666666667,1,0.05194805194805195,0.02666666666666667,150,4,0.9733333333333334,0
0,buteo buteo,7,7,6,0.5,0.5384615384615384,0.5185185185185186,0.35,14,13,0.5,0.46153846153846156
0,caprimulgus europaeus,5,89,0,0.05319148936170213,1,0.10101010101010102,0.05319148936170213,94,5,0.9468085106382979,0
0,carduelis carduelis,1,20,0,0.047619047619047616,1,0.0909090909090909,0.047619047619047616,21,1,0.9523809523809523,0
0,carpodacus erythrinus,47,1000,13,0.044890162368672396,0.7833333333333333,0.08491418247515808,0.04433962264150943,1047,60,0.9551098376313276,0.21666666666666667
0,certhia familiaris,40,120,29,0.25,0.5797101449275363,0.34934497816593885,0.21164021164021163,160,69,0.75,0.42028985507246375
0,chroicocephalus ridibundus,2,90,3,0.021739130434782608,0.4,0.041237113402061855,0.021052631578947368,92,5,0.9782608695652174,0.6
0,corvus corax,7,10,16,0.4117647058823529,0.30434782608695654,0.35,0.21212121212121213,17,23,0.5882352941176471,0.6956521739130435
0,corvus cornix,24,104,134,0.1875,0.1518987341772152,0.1678321678321678,0.0916030534351145,128,158,0.8125,0.8481012658227848
0,corvus frugilegus,16,65,23,0.19753086419753085,0.41025641025641024,0.26666666666666666,0.15384615384615385,81,39,0.8024691358024691,0.5897435897435898
0,curruca communis,2,50,0,0.038461538461538464,1,0.07407407407407407,0.038461538461538464,52,2,0.9615384615384616,0
0,cyanistes caeruleus,59,207,88,0.22180451127819548,0.4013605442176871,0.28571428571428575,0.16666666666666666,266,147,0.7781954887218046,0.5986394557823129
0,cygnus cygnus,1,24,0,0.04,1,0.07692307692307693,0.04,25,1,0.96,0
0,dendrocopos major,3,39,4,0.07142857142857142,0.42857142857142855,0.12244897959183672,0.06521739130434782,42,7,0.9285714285714286,0.5714285714285714
0,dryobates minor,2,3370,11,5.931198102016608e-4,0.15384615384615385,0.0011816838995568687,5.911912503694946e-4,3372,13,0.9994068801897983,0.8461538461538461
0,dryocopus martius,6,106,4,0.05357142857142857,0.6,0.0983606557377049,0.05172413793103448,112,10,0.9464285714285714,0.4
0,emberiza citrinella,11,110,27,0.09090909090909091,0.2894736842105263,0.13836477987421383,0.07432432432432433,121,38,0.9090909090909091,0.7105263157894737
0,emberiza schoeniclus,776,5043,561,0.13335624677779687,0.5804038893044129,0.21688093907210731,0.12163009404388715,5819,1337,0.8666437532222031,0.4195961106955871
0,erithacus rubecula,16,81,10,0.16494845360824742,0.6153846153846154,0.26016260162601623,0.14953271028037382,97,26,0.8350515463917526,0.38461538461538464
0,fringilla coelebs,24,135,293,0.1509433962264151,0.07570977917981073,0.10084033613445378,0.05309734513274336,159,317,0.8490566037735849,0.9242902208201893
0,fulica atra,84,218,88,0.2781456953642384,0.4883720930232558,0.3544303797468354,0.2153846153846154,302,172,0.7218543046357616,0.5116279069767442
0,galerida cristata,0,11,2,0,0,NA,0,11,2,1,1
0,grus grus,16,62,25,0.20512820512820512,0.3902439024390244,0.2689075630252101,0.1553398058252427,78,41,0.7948717948717948,0.6097560975609756
0,hippolais icterina,3,22,2,0.12,0.6,0.19999999999999998,0.1111111111111111,25,5,0.88,0.4
0,hirundo rustica,4,37,8,0.0975609756097561,0.3333333333333333,0.15094339622641506,0.08163265306122448,41,12,0.9024390243902439,0.6666666666666666
0,larus argentatus,7,91,30,0.07142857142857142,0.1891891891891892,0.1037037037037037,0.0546875,98,37,0.9285714285714286,0.8108108108108109
0,locustella luscinioides,48,843,14,0.05387205387205387,0.7741935483870968,0.10073452256033578,0.05303867403314917,891,62,0.9461279461279462,0.22580645161290322
0,luscinia luscinia,24,288,0,0.07692307692307693,1,0.14285714285714288,0.07692307692307693,312,24,0.9230769230769231,0
0,mareca strepera,5,75,2,0.0625,0.7142857142857143,0.11494252873563218,0.06097560975609756,80,7,0.9375,0.2857142857142857
0,muscicapa striata,1,24,6,0.04,0.14285714285714285,0.0625,0.03225806451612903,25,7,0.96,0.8571428571428571
0,numenius arquata,1,32,0,0.030303030303030304,1,0.05882352941176471,0.030303030303030304,33,1,0.9696969696969697,0
0,parus major,94,173,132,0.352059925093633,0.415929203539823,0.3813387423935092,0.23558897243107768,267,226,0.6479400749063671,0.584070796460177
0,passer montanus,1,5,0,0.16666666666666666,1,0.2857142857142857,0.16666666666666666,6,1,0.8333333333333334,0
0,periparus ater,3,71,4,0.04054054054054054,0.42857142857142855,0.07407407407407408,0.038461538461538464,74,7,0.9594594594594594,0.5714285714285714
0,phoenicurus phoenicurus,0,51,1,0,0,NA,0,51,1,1,1
0,phylloscopus collybita,119,262,122,0.3123359580052493,0.49377593360995853,0.382636655948553,0.23658051689860835,381,241,0.6876640419947506,0.5062240663900415
0,phylloscopus trochilus,3,52,14,0.05454545454545454,0.17647058823529413,0.08333333333333334,0.043478260869565216,55,17,0.9454545454545454,0.8235294117647058
0,pica pica,8,43,5,0.1568627450980392,0.6153846153846154,0.25,0.14285714285714285,51,13,0.8431372549019608,0.38461538461538464
0,poecile montanus,7,21,11,0.25,0.3888888888888889,0.30434782608695654,0.1794871794871795,28,18,0.75,0.6111111111111112
0,poecile palustris,1,17,0,0.05555555555555555,1,0.10526315789473684,0.05555555555555555,18,1,0.9444444444444444,0
0,porzana porzana,1,1660,0,6.020469596628537e-4,1,0.0012033694344163659,6.020469596628537e-4,1661,1,0.9993979530403372,0
0,prunella modularis,14,185,1,0.07035175879396985,0.9333333333333333,0.1308411214953271,0.07,199,15,0.9296482412060302,0.06666666666666667
0,pyrrhula pyrrhula,2,38,24,0.05,0.07692307692307693,0.060606060606060615,0.03125,40,26,0.95,0.9230769230769231
0,regulus ignicapilla,1,61,1,0.016129032258064516,0.5,0.03125,0.015873015873015872,62,2,0.9838709677419355,0.5
0,regulus regulus,22,169,30,0.11518324607329843,0.4230769230769231,0.18106995884773663,0.09954751131221719,191,52,0.8848167539267016,0.5769230769230769
0,scolopax rusticola,3,45,0,0.0625,1,0.11764705882352941,0.0625,48,3,0.9375,0
0,sitta europaea,3,23,2,0.11538461538461539,0.6,0.1935483870967742,0.10714285714285714,26,5,0.8846153846153846,0.4
0,spinus spinus,5,183,3,0.026595744680851064,0.625,0.05102040816326531,0.02617801047120419,188,8,0.973404255319149,0.375
0,strix aluco,6,103,0,0.05504587155963303,1,0.10434782608695652,0.05504587155963303,109,6,0.944954128440367,0
0,sylvia atricapilla,5,51,9,0.08928571428571429,0.35714285714285715,0.14285714285714285,0.07692307692307693,56,14,0.9107142857142857,0.6428571428571429
0,sylvia borin,6,85,2,0.06593406593406594,0.75,0.12121212121212123,0.06451612903225806,91,8,0.9340659340659341,0.25
0,tachybaptus ruficollis,1,4,7,0.2,0.125,0.15384615384615385,0.08333333333333333,5,8,0.8,0.875
0,tringa nebularia,3,24,0,0.1111111111111111,1,0.19999999999999998,0.1111111111111111,27,3,0.8888888888888888,0
0,troglodytes troglodytes,19,88,6,0.17757009345794392,0.76,0.2878787878787879,0.168141592920354,107,25,0.822429906542056,0.24
0,turdus merula,108,439,337,0.19744058500914077,0.24269662921348314,0.21774193548387097,0.12217194570135746,547,445,0.8025594149908593,0.7573033707865169
0,turdus philomelos,10,69,4,0.12658227848101267,0.7142857142857143,0.21505376344086025,0.12048192771084337,79,14,0.8734177215189873,0.2857142857142857
0,turdus viscivorus,21,141,20,0.12962962962962962,0.5121951219512195,0.20689655172413793,0.11538461538461539,162,41,0.8703703703703703,0.4878048780487805
0,zapornia pusilla,1,592,0,0.0016863406408094434,1,0.003367003367003367,0.0016863406408094434,593,1,0.9983136593591906,0
0.5,accipiter gentilis,1,23,0,0.041666666666666664,1,0.07999999999999999,0.041666666666666664,24,1,0.9583333333333334,0
0.5,acrocephalus arundinaceus,87,388,123,0.1831578947368421,0.4142857142857143,0.254014598540146,0.1454849498327759,475,210,0.8168421052631579,0.5857142857142857
0.5,acrocephalus palustris,4,36,9,0.1,0.3076923076923077,0.15094339622641512,0.08163265306122448,40,13,0.9,0.6923076923076923
0.5,acrocephalus schoenobaenus,136,1733,16,0.07276618512573568,0.8947368421052632,0.13458683819891143,0.07214854111405836,1869,152,0.9272338148742643,0.10526315789473684
0.5,acrocephalus scirpaceus,272,1150,43,0.19127988748241911,0.8634920634920635,0.31318364997121473,0.18566552901023892,1422,315,0.8087201125175809,0.1365079365079365
0.5,aegithalos caudatus,7,13,11,0.35,0.3888888888888889,0.36842105263157887,0.22580645161290322,20,18,0.65,0.6111111111111112
0.5,alauda arvensis,19,299,2,0.059748427672955975,0.9047619047619048,0.11209439528023599,0.059375,318,21,0.940251572327044,0.09523809523809523
0.5,anas platyrhynchos,107,364,21,0.22717622080679406,0.8359375,0.3572621035058431,0.21747967479674796,471,128,0.772823779193206,0.1640625
0.5,anser serrirostris,3,1,0,0.75,1,0.8571428571428571,0.75,4,3,0.25,0
0.5,anthus trivialis,0,118,1,0,0,NA,0,118,1,1,1
0.5,ardea cinerea,4,45,4,0.08163265306122448,0.5,0.14035087719298245,0.07547169811320754,49,8,0.9183673469387755,0.5
0.5,botaurus stellaris,5,156,0,0.031055900621118012,1,0.060240963855421686,0.031055900621118012,161,5,0.968944099378882,0
0.5,buteo buteo,11,12,3,0.4782608695652174,0.7857142857142857,0.5945945945945946,0.4230769230769231,23,14,0.5217391304347826,0.21428571428571427
0.5,caprimulgus europaeus,8,108,0,0.06896551724137931,1,0.12903225806451613,0.06896551724137931,116,8,0.9310344827586207,0
0.5,carduelis carduelis,2,17,0,0.10526315789473684,1,0.1904761904761905,0.10526315789473684,19,2,0.8947368421052632,0
0.5,carpodacus erythrinus,54,1181,14,0.0437246963562753,0.7941176470588235,0.08288564850345356,0.04323458767013611,1235,68,0.9562753036437247,0.20588235294117646
0.5,certhia familiaris,46,147,26,0.23834196891191708,0.6388888888888888,0.34716981132075475,0.2100456621004566,193,72,0.7616580310880829,0.3611111111111111
0.5,chroicocephalus ridibundus,3,87,3,0.03333333333333333,0.5,0.0625,0.03225806451612903,90,6,0.9666666666666667,0.5
0.5,corvus corax,8,6,15,0.5714285714285714,0.34782608695652173,0.4324324324324324,0.27586206896551724,14,23,0.42857142857142855,0.6521739130434783
0.5,corvus cornix,26,119,134,0.1793103448275862,0.1625,0.17049180327868851,0.0931899641577061,145,160,0.8206896551724138,0.8375
0.5,corvus frugilegus,15,55,27,0.21428571428571427,0.35714285714285715,0.2678571428571429,0.15463917525773196,70,42,0.7857142857142857,0.6428571428571429
0.5,curruca communis,2,52,0,0.037037037037037035,1,0.07142857142857142,0.037037037037037035,54,2,0.9629629629629629,0
0.5,cyanistes caeruleus,70,237,86,0.2280130293159609,0.44871794871794873,0.30237580993520513,0.178117048346056,307,156,0.7719869706840391,0.5512820512820513
0.5,cygnus cygnus,1,18,0,0.05263157894736842,1,0.1,0.05263157894736842,19,1,0.9473684210526315,0
0.5,dendrocopos major,4,38,3,0.09523809523809523,0.5714285714285714,0.16326530612244897,0.08888888888888889,42,7,0.9047619047619048,0.42857142857142855
0.5,dryobates minor,4,3629,11,0.0011010184420589045,0.26666666666666666,0.002192982456140351,0.0010976948408342481,3633,15,0.9988989815579411,0.7333333333333333
0.5,dryocopus martius,5,126,5,0.03816793893129771,0.5,0.07092198581560284,0.03676470588235294,131,10,0.9618320610687023,0.5
0.5,emberiza citrinella,13,111,28,0.10483870967741936,0.3170731707317073,0.15757575757575756,0.08552631578947369,124,41,0.8951612903225806,0.6829268292682927
0.5,emberiza schoeniclus,890,5003,552,0.15102664177838113,0.6171983356449375,0.24267211997273347,0.13809154383242825,5893,1442,0.8489733582216189,0.3828016643550624
0.5,erithacus rubecula,20,103,8,0.16260162601626016,0.7142857142857143,0.26490066225165565,0.15267175572519084,123,28,0.8373983739837398,0.2857142857142857
0.5,fringilla coelebs,26,166,289,0.13541666666666666,0.08253968253968254,0.10256410256410256,0.05405405405405406,192,315,0.8645833333333334,0.9174603174603174
0.5,fulica atra,93,235,98,0.28353658536585363,0.4869109947643979,0.3583815028901734,0.21830985915492956,328,191,0.7164634146341463,0.5130890052356021
0.5,galerida cristata,0,18,2,0,0,NA,0,18,2,1,1
0.5,grus grus,19,75,23,0.20212765957446807,0.4523809523809524,0.27941176470588236,0.1623931623931624,94,42,0.7978723404255319,0.5476190476190477
0.5,hippolais icterina,5,34,1,0.1282051282051282,0.8333333333333334,0.2222222222222222,0.125,39,6,0.8717948717948718,0.16666666666666666
0.5,hirundo rustica,5,41,7,0.10869565217391304,0.4166666666666667,0.1724137931034483,0.09433962264150944,46,12,0.8913043478260869,0.5833333333333334
0.5,larus argentatus,8,99,30,0.07476635514018691,0.21052631578947367,0.1103448275862069,0.058394160583941604,107,38,0.9252336448598131,0.7894736842105263
0.5,locustella luscinioides,59,997,14,0.05587121212121212,0.8082191780821918,0.10451727192205491,0.05514018691588785,1056,73,0.9441287878787878,0.1917808219178082
0.5,luscinia luscinia,27,354,1,0.07086614173228346,0.9642857142857143,0.13202933985330073,0.07068062827225131,381,28,0.9291338582677166,0.03571428571428571
0.5,mareca strepera,8,101,1,0.07339449541284404,0.8888888888888888,0.13559322033898308,0.07272727272727272,109,9,0.926605504587156,0.1111111111111111
0.5,muscicapa striata,1,25,6,0.038461538461538464,0.14285714285714285,0.060606060606060615,0.03125,26,7,0.9615384615384616,0.8571428571428571
0.5,numenius arquata,0,46,1,0,0,NA,0,46,1,1,1
0.5,parus major,107,220,128,0.327217125382263,0.4553191489361702,0.3807829181494662,0.23516483516483516,327,235,0.672782874617737,0.5446808510638298
0.5,passer montanus,1,5,0,0.16666666666666666,1,0.2857142857142857,0.16666666666666666,6,1,0.8333333333333334,0
0.5,periparus ater,5,87,2,0.05434782608695652,0.7142857142857143,0.101010101010101,0.05319148936170213,92,7,0.9456521739130435,0.2857142857142857
0.5,phoenicurus phoenicurus,1,46,0,0.02127659574468085,1,0.04166666666666667,0.02127659574468085,47,1,0.9787234042553191,0
0.5,phylloscopus collybita,138,280,116,0.33014354066985646,0.5433070866141733,0.41071428571428575,0.25842696629213485,418,254,0.6698564593301436,0.4566929133858268
0.5,phylloscopus trochilus,4,61,13,0.06153846153846154,0.23529411764705882,0.0975609756097561,0.05128205128205128,65,17,0.9384615384615385,0.7647058823529411
0.5,pica pica,10,38,5,0.20833333333333334,0.6666666666666666,0.3174603174603175,0.18867924528301888,48,15,0.7916666666666666,0.3333333333333333
0.5,poecile montanus,5,24,12,0.1724137931034483,0.29411764705882354,0.2173913043478261,0.12195121951219512,29,17,0.8275862068965517,0.7058823529411765
0.5,poecile palustris,1,25,0,0.038461538461538464,1,0.07407407407407407,0.038461538461538464,26,1,0.9615384615384616,0
0.5,porzana porzana,2,1900,0,0.0010515247108307045,1,0.0021008403361344537,0.0010515247108307045,1902,2,0.9989484752891693,0
0.5,prunella modularis,14,164,0,0.07865168539325842,1,0.14583333333333334,0.07865168539325842,178,14,0.9213483146067416,0
0.5,pyrrhula pyrrhula,6,43,17,0.12244897959183673,0.2608695652173913,0.16666666666666666,0.09090909090909091,49,23,0.8775510204081632,0.7391304347826086
0.5,regulus ignicapilla,1,89,1,0.011111111111111112,0.5,0.02173913043478261,0.01098901098901099,90,2,0.9888888888888889,0.5
0.5,regulus regulus,24,202,30,0.10619469026548672,0.4444444444444444,0.17142857142857146,0.09375,226,54,0.8938053097345132,0.5555555555555556
0.5,scolopax rusticola,3,46,0,0.061224489795918366,1,0.11538461538461538,0.061224489795918366,49,3,0.9387755102040817,0
0.5,sitta europaea,5,32,1,0.13513513513513514,0.8333333333333334,0.23255813953488372,0.13157894736842105,37,6,0.8648648648648649,0.16666666666666666
0.5,spinus spinus,6,183,2,0.031746031746031744,0.75,0.06091370558375634,0.031413612565445025,189,8,0.9682539682539683,0.25
0.5,strix aluco,6,84,0,0.06666666666666667,1,0.125,0.06666666666666667,90,6,0.9333333333333333,0
0.5,sylvia atricapilla,4,50,10,0.07407407407407407,0.2857142857142857,0.11764705882352941,0.0625,54,14,0.9259259259259259,0.7142857142857143
0.5,sylvia borin,4,96,2,0.04,0.6666666666666666,0.07547169811320754,0.0392156862745098,100,6,0.96,0.3333333333333333
0.5,tachybaptus ruficollis,1,2,7,0.3333333333333333,0.125,0.18181818181818182,0.1,3,8,0.6666666666666666,0.875
0.5,tringa nebularia,3,26,0,0.10344827586206896,1,0.1875,0.10344827586206896,29,3,0.896551724137931,0
0.5,troglodytes troglodytes,20,102,9,0.16393442622950818,0.6896551724137931,0.26490066225165565,0.15267175572519084,122,29,0.8360655737704918,0.3103448275862069
0.5,turdus merula,119,515,336,0.18769716088328076,0.26153846153846155,0.21854912764003673,0.12268041237113401,634,455,0.8123028391167192,0.7384615384615385
0.5,turdus philomelos,12,73,6,0.1411764705882353,0.6666666666666666,0.23300970873786406,0.13186813186813187,85,18,0.8588235294117647,0.3333333333333333
0.5,turdus viscivorus,28,168,16,0.14285714285714285,0.6363636363636364,0.23333333333333328,0.1320754716981132,196,44,0.8571428571428571,0.36363636363636365
0.5,zapornia pusilla,1,690,0,0.001447178002894356,1,0.002890173410404624,0.001447178002894356,691,1,0.9985528219971056,0
1,accipiter gentilis,1,34,0,0.02857142857142857,1,0.05555555555555556,0.02857142857142857,35,1,0.9714285714285714,0
1,acrocephalus arundinaceus,117,474,109,0.19796954314720813,0.5176991150442478,0.2864137086903305,0.16714285714285715,591,226,0.8020304568527918,0.4823008849557522
1,acrocephalus palustris,6,41,8,0.1276595744680851,0.42857142857142855,0.1967213114754098,0.10909090909090909,47,14,0.8723404255319149,0.5714285714285714
1,acrocephalus schoenobaenus,170,2201,11,0.07169970476592155,0.9392265193370166,0.13322884012539182,0.07136859781696053,2371,181,0.9283002952340784,0.06077348066298342
1,acrocephalus scirpaceus,362,1415,32,0.20371412492965674,0.9187817258883249,0.3334868724090281,0.20011055831951355,1777,394,0.7962858750703433,0.08121827411167512
1,aegithalos caudatus,10,18,9,0.35714285714285715,0.5263157894736842,0.425531914893617,0.2702702702702703,28,19,0.6428571428571429,0.47368421052631576
1,alauda arvensis,21,348,2,0.056910569105691054,0.9130434782608695,0.10714285714285715,0.05660377358490566,369,23,0.943089430894309,0.08695652173913043
1,anas platyrhynchos,135,455,18,0.2288135593220339,0.8823529411764706,0.3633916554508748,0.22203947368421054,590,153,0.7711864406779662,0.11764705882352941
1,anser serrirostris,4,2,0,0.6666666666666666,1,0.8,0.6666666666666666,6,4,0.3333333333333333,0
1,anthus trivialis,0,167,1,0,0,NA,0,167,1,1,1
1,ardea cinerea,5,44,4,0.10204081632653061,0.5555555555555556,0.1724137931034483,0.09433962264150944,49,9,0.8979591836734694,0.4444444444444444
1,botaurus stellaris,6,201,0,0.028985507246376812,1,0.05633802816901409,0.028985507246376812,207,6,0.9710144927536232,0
1,buteo buteo,11,10,3,0.5238095238095238,0.7857142857142857,0.6285714285714286,0.4583333333333333,21,14,0.47619047619047616,0.21428571428571427
1,caprimulgus europaeus,8,127,0,0.05925925925925926,1,0.11188811188811189,0.05925925925925926,135,8,0.9407407407407408,0
1,carduelis carduelis,2,19,0,0.09523809523809523,1,0.17391304347826084,0.09523809523809523,21,2,0.9047619047619048,0
1,carpodacus erythrinus,72,1497,10,0.045889101338432124,0.8780487804878049,0.08721986674742581,0.045598480050664976,1569,82,0.9541108986615678,0.12195121951219512
1,certhia familiaris,62,187,21,0.24899598393574296,0.7469879518072289,0.37349397590361444,0.22962962962962963,249,83,0.751004016064257,0.25301204819277107
1,chroicocephalus ridibundus,3,115,3,0.025423728813559324,0.5,0.04838709677419355,0.024793388429752067,118,6,0.9745762711864406,0.5
1,corvus corax,15,15,12,0.5,0.5555555555555556,0.5263157894736842,0.35714285714285715,30,27,0.5,0.4444444444444444
1,corvus cornix,30,155,130,0.16216216216216217,0.1875,0.17391304347826086,0.09523809523809523,185,160,0.8378378378378378,0.8125
1,corvus frugilegus,22,68,21,0.24444444444444444,0.5116279069767442,0.3308270676691729,0.1981981981981982,90,43,0.7555555555555555,0.4883720930232558
1,curruca communis,2,69,0,0.028169014084507043,1,0.05479452054794521,0.028169014084507043,71,2,0.971830985915493,0
1,cyanistes caeruleus,86,291,85,0.22811671087533156,0.5029239766081871,0.31386861313868614,0.18614718614718614,377,171,0.7718832891246684,0.49707602339181284
1,cygnus cygnus,1,20,0,0.047619047619047616,1,0.0909090909090909,0.047619047619047616,21,1,0.9523809523809523,0
1,dendrocopos major,5,57,2,0.08064516129032258,0.7142857142857143,0.14492753623188404,0.078125,62,7,0.9193548387096774,0.2857142857142857
1,dryobates minor,5,4516,9,0.0011059500110595002,0.35714285714285715,0.002205071664829107,0.0011037527593818985,4521,14,0.9988940499889405,0.6428571428571429
1,dryocopus martius,10,146,2,0.0641025641025641,0.8333333333333334,0.11904761904761904,0.06329113924050633,156,12,0.9358974358974359,0.16666666666666666
1,emberiza citrinella,17,115,27,0.12878787878787878,0.38636363636363635,0.19318181818181818,0.1069182389937107,132,44,0.8712121212121212,0.6136363636363636
1,emberiza schoeniclus,1163,6149,468,0.1590536105032823,0.7130594727161251,0.2600916918260092,0.14948586118251928,7312,1631,0.8409463894967177,0.2869405272838749
1,erithacus rubecula,22,117,9,0.15827338129496402,0.7096774193548387,0.2588235294117647,0.14864864864864866,139,31,0.841726618705036,0.2903225806451613
1,fringilla coelebs,28,196,286,0.125,0.08917197452229299,0.10408921933085502,0.054901960784313725,224,314,0.875,0.910828025477707
1,fulica atra,126,292,84,0.3014354066985646,0.6,0.40127388535031844,0.250996015936255,418,210,0.6985645933014354,0.4
1,galerida cristata,1,23,0,0.041666666666666664,1,0.07999999999999999,0.041666666666666664,24,1,0.9583333333333334,0
1,grus grus,23,82,24,0.21904761904761905,0.48936170212765956,0.3026315789473684,0.17829457364341086,105,47,0.780952380952381,0.5106382978723404
1,hippolais icterina,7,36,0,0.16279069767441862,1,0.28,0.16279069767441862,43,7,0.8372093023255814,0
1,hirundo rustica,6,61,7,0.08955223880597014,0.46153846153846156,0.15,0.08108108108108109,67,13,0.9104477611940298,0.5384615384615384
1,larus argentatus,9,123,29,0.06818181818181818,0.23684210526315788,0.10588235294117646,0.055900621118012424,132,38,0.9318181818181818,0.7631578947368421
1,locustella luscinioides,74,1265,13,0.05526512322628827,0.8505747126436781,0.1037868162692847,0.05473372781065089,1339,87,0.9447348767737117,0.14942528735632185
1,luscinia luscinia,34,426,0,0.07391304347826087,1,0.13765182186234817,0.07391304347826087,460,34,0.9260869565217391,0
1,mareca strepera,10,128,0,0.07246376811594203,1,0.13513513513513511,0.07246376811594203,138,10,0.927536231884058,0
1,muscicapa striata,2,28,5,0.06666666666666667,0.2857142857142857,0.10810810810810811,0.05714285714285714,30,7,0.9333333333333333,0.7142857142857143
1,numenius arquata,2,51,0,0.03773584905660377,1,0.07272727272727272,0.03773584905660377,53,2,0.9622641509433962,0
1,parus major,130,274,121,0.3217821782178218,0.5179282868525896,0.3969465648854962,0.24761904761904763,404,251,0.6782178217821783,0.4820717131474104
1,passer montanus,1,7,0,0.125,1,0.2222222222222222,0.125,8,1,0.875,0
1,periparus ater,6,111,2,0.05128205128205128,0.75,0.096,0.05042016806722689,117,8,0.9487179487179487,0.25
1,phoenicurus phoenicurus,1,76,0,0.012987012987012988,1,0.025641025641025647,0.012987012987012988,77,1,0.987012987012987,0
1,phylloscopus collybita,161,339,111,0.322,0.5919117647058824,0.41709844559585496,0.2635024549918167,500,272,0.678,0.40808823529411764
1,phylloscopus trochilus,4,85,14,0.0449438202247191,0.2222222222222222,0.07476635514018691,0.038834951456310676,89,18,0.9550561797752809,0.7777777777777778
1,pica pica,9,40,6,0.1836734693877551,0.6,0.28125,0.16363636363636364,49,15,0.8163265306122449,0.4
1,poecile montanus,9,35,11,0.20454545454545456,0.45,0.28125000000000006,0.16363636363636364,44,20,0.7954545454545454,0.55
1,poecile palustris,1,31,0,0.03125,1,0.06060606060606061,0.03125,32,1,0.96875,0
1,porzana porzana,2,2358,0,8.47457627118644e-4,1,0.001693480101608806,8.47457627118644e-4,2360,2,0.9991525423728813,0
1,prunella modularis,18,184,0,0.0891089108910891,1,0.1636363636363636,0.0891089108910891,202,18,0.9108910891089109,0
1,pyrrhula pyrrhula,5,61,19,0.07575757575757576,0.20833333333333334,0.1111111111111111,0.058823529411764705,66,24,0.9242424242424242,0.7916666666666666
1,regulus ignicapilla,2,92,0,0.02127659574468085,1,0.04166666666666667,0.02127659574468085,94,2,0.9787234042553191,0
1,regulus regulus,38,240,18,0.1366906474820144,0.6785714285714286,0.22754491017964074,0.12837837837837837,278,56,0.8633093525179856,0.32142857142857145
1,scolopax rusticola,4,63,0,0.05970149253731343,1,0.11267605633802817,0.05970149253731343,67,4,0.9402985074626866,0
1,sitta europaea,5,39,1,0.11363636363636363,0.8333333333333334,0.19999999999999998,0.1111111111111111,44,6,0.8863636363636364,0.16666666666666666
1,spinus spinus,7,248,2,0.027450980392156862,0.7777777777777778,0.05303030303030303,0.027237354085603113,255,9,0.9725490196078431,0.2222222222222222
1,strix aluco,8,96,0,0.07692307692307693,1,0.14285714285714288,0.07692307692307693,104,8,0.9230769230769231,0
1,sylvia atricapilla,4,71,10,0.05333333333333334,0.2857142857142857,0.0898876404494382,0.047058823529411764,75,14,0.9466666666666667,0.7142857142857143
1,sylvia borin,6,136,2,0.04225352112676056,0.75,0.08,0.041666666666666664,142,8,0.9577464788732394,0.25
1,tachybaptus ruficollis,3,2,4,0.6,0.42857142857142855,0.5,0.3333333333333333,5,7,0.4,0.5714285714285714
1,tringa nebularia,4,39,0,0.09302325581395349,1,0.1702127659574468,0.09302325581395349,43,4,0.9069767441860465,0
1,troglodytes troglodytes,25,125,7,0.16666666666666666,0.78125,0.2747252747252747,0.1592356687898089,150,32,0.8333333333333334,0.21875
1,turdus merula,163,650,316,0.2004920049200492,0.34029227557411273,0.2523219814241486,0.14437555358724535,813,479,0.7995079950799509,0.6597077244258872
1,turdus philomelos,19,106,1,0.152,0.95,0.2620689655172414,0.15079365079365079,125,20,0.848,0.05
1,turdus viscivorus,32,205,15,0.1350210970464135,0.6808510638297872,0.22535211267605632,0.12698412698412698,237,47,0.8649789029535865,0.3191489361702128
1,zapornia pusilla,1,892,0,0.0011198208286674132,1,0.0022371364653243847,0.0011198208286674132,893,1,0.9988801791713325,0
1.5,accipiter gentilis,1,38,0,0.02564102564102564,1,0.05,0.02564102564102564,39,1,0.9743589743589743,0
1.5,acrocephalus arundinaceus,144,638,109,0.18414322250639387,0.5691699604743083,0.2782608695652174,0.16161616161616163,782,253,0.8158567774936062,0.4308300395256917
1.5,acrocephalus palustris,6,66,8,0.08333333333333333,0.42857142857142855,0.13953488372093023,0.075,72,14,0.9166666666666666,0.5714285714285714
1.5,acrocephalus schoenobaenus,219,2916,11,0.06985645933014355,0.9521739130434783,0.13016344725111442,0.06961220597584233,3135,230,0.9301435406698565,0.04782608695652174
1.5,acrocephalus scirpaceus,456,1891,33,0.19429058372390284,0.9325153374233128,0.3215796897038082,0.1915966386554622,2347,489,0.8057094162760972,0.06748466257668712
1.5,aegithalos caudatus,10,24,10,0.29411764705882354,0.5,0.37037037037037035,0.22727272727272727,34,20,0.7058823529411765,0.5
1.5,alauda arvensis,27,526,3,0.048824593128390596,0.9,0.09262435677530016,0.048561151079136694,553,30,0.9511754068716094,0.1
1.5,anas platyrhynchos,169,569,19,0.22899728997289973,0.898936170212766,0.3650107991360691,0.22324966974900926,738,188,0.7710027100271003,0.10106382978723404
1.5,anser serrirostris,5,1,0,0.8333333333333334,1,0.9090909090909091,0.8333333333333334,6,5,0.16666666666666666,0
1.5,anthus trivialis,0,224,1,0,0,NA,0,224,1,1,1
1.5,ardea cinerea,4,68,5,0.05555555555555555,0.4444444444444444,0.09876543209876543,0.05194805194805195,72,9,0.9444444444444444,0.5555555555555556
1.5,botaurus stellaris,8,288,0,0.02702702702702703,1,0.052631578947368425,0.02702702702702703,296,8,0.972972972972973,0
1.5,buteo buteo,13,15,4,0.4642857142857143,0.7647058823529411,0.5777777777777777,0.40625,28,17,0.5357142857142857,0.23529411764705882
1.5,caprimulgus europaeus,11,177,0,0.05851063829787234,1,0.11055276381909547,0.05851063829787234,188,11,0.9414893617021277,0
1.5,carduelis carduelis,2,37,0,0.05128205128205128,1,0.09756097560975609,0.05128205128205128,39,2,0.9487179487179487,0
1.5,carpodacus erythrinus,92,1934,8,0.045409674234945706,0.92,0.0865475070555033,0.04523107177974434,2026,100,0.9545903257650543,0.08
1.5,certhia familiaris,76,238,23,0.24203821656050956,0.7676767676767676,0.3680387409200968,0.22551928783382788,314,99,0.7579617834394905,0.23232323232323232
1.5,chroicocephalus ridibundus,5,152,2,0.03184713375796178,0.7142857142857143,0.06097560975609756,0.031446540880503145,157,7,0.9681528662420382,0.2857142857142857
1.5,corvus corax,17,16,14,0.5151515151515151,0.5483870967741935,0.53125,0.3617021276595745,33,31,0.48484848484848486,0.45161290322580644
1.5,corvus cornix,44,203,128,0.17813765182186234,0.2558139534883721,0.21002386634844866,0.11733333333333333,247,172,0.8218623481781376,0.7441860465116279
1.5,corvus frugilegus,29,96,19,0.232,0.6041666666666666,0.3352601156069364,0.2013888888888889,125,48,0.768,0.3958333333333333
1.5,curruca communis,3,94,0,0.030927835051546393,1,0.06000000000000001,0.030927835051546393,97,3,0.9690721649484536,0
1.5,cyanistes caeruleus,121,395,72,0.23449612403100775,0.6269430051813472,0.3413258110014104,0.20578231292517007,516,193,0.7655038759689923,0.37305699481865284
1.5,cygnus cygnus,2,35,0,0.05405405405405406,1,0.10256410256410257,0.05405405405405406,37,2,0.9459459459459459,0
1.5,dendrocopos major,8,74,2,0.0975609756097561,0.8,0.1739130434782609,0.09523809523809523,82,10,0.9024390243902439,0.2
1.5,dryobates minor,4,6087,11,6.567066163191594e-4,0.26666666666666666,0.0013101867016049786,6.555227794165847e-4,6091,15,0.9993432933836809,0.7333333333333333
1.5,dryocopus martius,12,213,2,0.05333333333333334,0.8571428571428571,0.100418410041841,0.05286343612334802,225,14,0.9466666666666667,0.14285714285714285
1.5,emberiza citrinella,23,175,26,0.11616161616161616,0.46938775510204084,0.18623481781376516,0.10267857142857142,198,49,0.8838383838383839,0.5306122448979592
1.5,emberiza schoeniclus,1517,8113,416,0.15752855659397716,0.784790481117434,0.26238865346363405,0.1510053752737408,9630,1933,0.8424714434060229,0.21520951888256595
1.5,erithacus rubecula,27,139,8,0.16265060240963855,0.7714285714285715,0.26865671641791045,0.15517241379310345,166,35,0.8373493975903614,0.22857142857142856
1.5,fringilla coelebs,37,266,281,0.12211221122112212,0.11635220125786164,0.11916264090177134,0.06335616438356165,303,318,0.8778877887788779,0.8836477987421384
1.5,fulica atra,159,389,70,0.29014598540145986,0.6943231441048034,0.4092664092664092,0.25728155339805825,548,229,0.7098540145985401,0.3056768558951965
1.5,galerida cristata,0,25,2,0,0,NA,0,25,2,1,1
1.5,grus grus,31,124,22,0.2,0.5849056603773585,0.2980769230769231,0.1751412429378531,155,53,0.8,0.41509433962264153
1.5,hippolais icterina,6,46,1,0.11538461538461539,0.8571428571428571,0.20338983050847456,0.11320754716981132,52,7,0.8846153846153846,0.14285714285714285
1.5,hirundo rustica,8,67,7,0.10666666666666667,0.5333333333333333,0.17777777777777778,0.0975609756097561,75,15,0.8933333333333333,0.4666666666666667
1.5,larus argentatus,14,176,29,0.07368421052631578,0.32558139534883723,0.12017167381974247,0.0639269406392694,190,43,0.9263157894736842,0.6744186046511628
1.5,locustella luscinioides,94,1667,12,0.05337876206700738,0.8867924528301887,0.10069630423138724,0.05301748448956571,1761,106,0.9466212379329926,0.11320754716981132
1.5,luscinia luscinia,44,561,0,0.07272727272727272,1,0.13559322033898305,0.07272727272727272,605,44,0.9272727272727272,0
1.5,mareca strepera,13,148,1,0.08074534161490683,0.9285714285714286,0.14857142857142855,0.08024691358024691,161,14,0.9192546583850931,0.07142857142857142
1.5,muscicapa striata,2,41,5,0.046511627906976744,0.2857142857142857,0.08,0.041666666666666664,43,7,0.9534883720930233,0.7142857142857143
1.5,numenius arquata,1,73,0,0.013513513513513514,1,0.026666666666666665,0.013513513513513514,74,1,0.9864864864864865,0
1.5,parus major,173,355,116,0.32765151515151514,0.5986159169550173,0.423500611995104,0.2686335403726708,528,289,0.6723484848484849,0.4013840830449827
1.5,passer montanus,2,10,0,0.16666666666666666,1,0.2857142857142857,0.16666666666666666,12,2,0.8333333333333334,0
1.5,periparus ater,7,145,2,0.046052631578947366,0.7777777777777778,0.08695652173913043,0.045454545454545456,152,9,0.9539473684210527,0.2222222222222222
1.5,phoenicurus phoenicurus,0,98,1,0,0,NA,0,98,1,1,1
1.5,phylloscopus collybita,218,462,104,0.3205882352941177,0.6770186335403726,0.435129740518962,0.2780612244897959,680,322,0.6794117647058824,0.32298136645962733
1.5,phylloscopus trochilus,7,109,12,0.0603448275862069,0.3684210526315789,0.1037037037037037,0.0546875,116,19,0.9396551724137931,0.631578947368421
1.5,pica pica,14,60,5,0.1891891891891892,0.7368421052631579,0.3010752688172043,0.17721518987341772,74,19,0.8108108108108109,0.2631578947368421
1.5,poecile montanus,10,39,11,0.20408163265306123,0.47619047619047616,0.2857142857142857,0.16666666666666666,49,21,0.7959183673469388,0.5238095238095238
1.5,poecile palustris,2,34,0,0.05555555555555555,1,0.10526315789473684,0.05555555555555555,36,2,0.9444444444444444,0
1.5,porzana porzana,3,3003,0,9.98003992015968e-4,1,0.0019940179461615153,9.98003992015968e-4,3006,3,0.999001996007984,0
1.5,prunella modularis,26,280,0,0.08496732026143791,1,0.1566265060240964,0.08496732026143791,306,26,0.9150326797385621,0
1.5,pyrrhula pyrrhula,5,73,18,0.0641025641025641,0.21739130434782608,0.09900990099009901,0.052083333333333336,78,23,0.9358974358974359,0.782608695652174
1.5,regulus ignicapilla,1,128,1,0.007751937984496124,0.5,0.015267175572519083,0.007692307692307693,129,2,0.9922480620155039,0.5
1.5,regulus regulus,44,312,19,0.12359550561797752,0.6984126984126984,0.2100238663484487,0.11733333333333333,356,63,0.8764044943820225,0.30158730158730157
1.5,scolopax rusticola,6,75,0,0.07407407407407407,1,0.13793103448275862,0.07407407407407407,81,6,0.9259259259259259,0
1.5,sitta europaea,7,43,1,0.14,0.875,0.24137931034482757,0.13725490196078433,50,8,0.86,0.125
1.5,spinus spinus,9,333,2,0.02631578947368421,0.8181818181818182,0.0509915014164306,0.02616279069767442,342,11,0.9736842105263158,0.18181818181818182
1.5,strix aluco,10,129,0,0.07194244604316546,1,0.1342281879194631,0.07194244604316546,139,10,0.9280575539568345,0
1.5,sylvia atricapilla,8,88,9,0.08333333333333333,0.47058823529411764,0.1415929203539823,0.0761904761904762,96,17,0.9166666666666666,0.5294117647058824
1.5,sylvia borin,10,166,2,0.056818181818181816,0.8333333333333334,0.10638297872340426,0.056179775280898875,176,12,0.9431818181818182,0.16666666666666666
1.5,tachybaptus ruficollis,2,6,5,0.25,0.2857142857142857,0.26666666666666666,0.15384615384615385,8,7,0.75,0.7142857142857143
1.5,tringa nebularia,4,44,0,0.08333333333333333,1,0.15384615384615385,0.08333333333333333,48,4,0.9166666666666666,0
1.5,troglodytes troglodytes,36,167,5,0.17733990147783252,0.8780487804878049,0.2950819672131147,0.17307692307692307,203,41,0.8226600985221675,0.12195121951219512
1.5,turdus merula,216,853,309,0.20205799812909261,0.4114285714285714,0.2710163111668758,0.1567489114658926,1069,525,0.7979420018709074,0.5885714285714285
1.5,turdus philomelos,21,128,0,0.14093959731543623,1,0.24705882352941178,0.14093959731543623,149,21,0.8590604026845637,0
1.5,turdus viscivorus,36,278,16,0.11464968152866242,0.6923076923076923,0.19672131147540983,0.10909090909090909,314,52,0.8853503184713376,0.3076923076923077
1.5,zapornia pusilla,2,1146,0,0.0017421602787456446,1,0.003478260869565217,0.0017421602787456446,1148,2,0.9982578397212544,0
